primary_type,arrest,counts
ARSON,False,9743
ARSON,True,1463
ASSAULT,False,323813
ASSAULT,True,97236
BATTERY,False,956206
BATTERY,True,282167
BURGLARY,False,367190
BURGLARY,True,22384
CONCEALED CARRY LICENSE VIOLATION,False,19
CONCEALED CARRY LICENSE VIOLATION,True,284
CRIM SEXUAL ASSAULT,False,23165
CRIM SEXUAL ASSAULT,True,4304
CRIMINAL DAMAGE,False,720309
CRIMINAL DAMAGE,True,54676
CRIMINAL TRESPASS,False,52128
CRIMINAL TRESPASS,True,142109
DECEPTIVE PRACTICE,False,222122
DECEPTIVE PRACTICE,True,44295
DOMESTIC VIOLENCE,True,1
GAMBLING,False,104
GAMBLING,True,14323
HOMICIDE,False,4997
HOMICIDE,True,4517
HUMAN TRAFFICKING,False,46
HUMAN TRAFFICKING,True,6
INTERFERENCE WITH PUBLIC OFFICER,False,1256
INTERFERENCE WITH PUBLIC OFFICER,True,14041
INTIMIDATION,False,3261
INTIMIDATION,True,699
KIDNAPPING,False,5945
KIDNAPPING,True,742
LIQUOR LAW VIOLATION,False,125
LIQUOR LAW VIOLATION,True,13958
MOTOR VEHICLE THEFT,False,286860
MOTOR VEHICLE THEFT,True,28773
NARCOTICS,False,4209
NARCOTICS,True,708658
OBSCENITY,False,109
OBSCENITY,True,481
OFFENSE INVOLVING CHILDREN,False,36038
OFFENSE INVOLVING CHILDREN,True,9684
OTHER NARCOTIC VIOLATION,False,36
OTHER NARCOTIC VIOLATION,True,88
PROSTITUTION,False,267
PROSTITUTION,True,68149
PUBLIC INDECENCY,False,1
PUBLIC INDECENCY,True,163
PUBLIC PEACE VIOLATION,False,17169
PUBLIC PEACE VIOLATION,True,30811
RITUALISM,False,20
RITUALISM,True,3
ROBBERY,False,231964
ROBBERY,True,24976
SEX OFFENSE,False,17557
SEX OFFENSE,True,7759
STALKING,False,2856
STALKING,True,549
THEFT,False,1256856
THEFT,True,170401
WEAPONS VIOLATION,False,14654
WEAPONS VIOLATION,True,56725
