block,primary_type,count
0000X N HALSTED ST,THEFT,878
0000X S HALSTED ST,THEFT,479
001XX N HALSTED ST,THEFT,73
001XX S HALSTED ST,THEFT,485
002XX N HALSTED ST,THEFT,66
002XX S HALSTED ST,BATTERY,164
003XX N HALSTED ST,THEFT,296
003XX S HALSTED ST,THEFT,97
004XX N HALSTED ST,THEFT,186
004XX S HALSTED ST,THEFT,78
005XX N HALSTED ST,THEFT,199
005XX S HALSTED ST,BATTERY,8
006XX N HALSTED ST,THEFT,34
006XX S HALSTED ST,THEFT,20
007XX N HALSTED ST,THEFT,61
007XX S HALSTED ST,THEFT,89
008XX N HALSTED ST,THEFT,37
008XX S HALSTED ST,THEFT,23
009XX N HALSTED ST,THEFT,48
009XX S HALSTED ST,THEFT,12
010XX N HALSTED ST,THEFT,54
010XX S HALSTED ST,THEFT,6
011XX N HALSTED ST,THEFT,30
011XX S HALSTED ST,THEFT,13
012XX N HALSTED ST,THEFT,125
012XX S HALSTED ST,THEFT,83
013XX N HALSTED ST,NARCOTICS,88
013XX S HALSTED ST,THEFT,98
014XX N HALSTED ST,THEFT,237
014XX S HALSTED ST,THEFT,80
015XX N HALSTED ST,THEFT,307
015XX S HALSTED ST,THEFT,35
016XX N HALSTED ST,THEFT,186
016XX S HALSTED ST,THEFT,60
017XX N HALSTED ST,THEFT,75
017XX S HALSTED ST,THEFT,41
018XX N HALSTED ST,THEFT,146
018XX S HALSTED ST,THEFT,50
019XX N HALSTED ST,THEFT,210
019XX S HALSTED ST,THEFT,74
020XX N HALSTED ST,THEFT,449
020XX S HALSTED ST,CRIMINAL DAMAGE,27
021XX N HALSTED ST,THEFT,281
021XX S HALSTED ST,THEFT,54
022XX N HALSTED ST,THEFT,183
022XX S HALSTED ST,THEFT,59
023XX N HALSTED ST,THEFT,68
023XX S HALSTED ST,THEFT,23
024XX N HALSTED ST,THEFT,108
024XX S HALSTED ST,CRIMINAL DAMAGE,23
025XX N HALSTED ST,THEFT,213
025XX S HALSTED ST,THEFT,56
026XX N HALSTED ST,THEFT,467
026XX S HALSTED ST,THEFT,31
027XX N HALSTED ST,THEFT,143
027XX S HALSTED ST,THEFT,28
028XX N HALSTED ST,THEFT,213
028XX S HALSTED ST,THEFT,48
029XX N HALSTED ST,THEFT,114
029XX S HALSTED ST,THEFT,42
030XX N HALSTED ST,THEFT,363
030XX S HALSTED ST,THEFT,551
031XX N HALSTED ST,THEFT,163
031XX S HALSTED ST,THEFT,107
032XX N HALSTED ST,THEFT,308
032XX S HALSTED ST,THEFT,95
033XX N HALSTED ST,THEFT,627
033XX S HALSTED ST,THEFT,89
034XX N HALSTED ST,THEFT,586
034XX S HALSTED ST,THEFT,240
035XX N HALSTED ST,THEFT,215
035XX S HALSTED ST,THEFT,93
036XX N HALSTED ST,THEFT,464
036XX S HALSTED ST,THEFT,20
037XX N HALSTED ST,THEFT,217
037XX S HALSTED ST,THEFT,31
038XX S HALSTED ST,THEFT,33
039XX S HALSTED ST,THEFT,10
040XX S HALSTED ST,NARCOTICS,4
041XX S HALSTED ST,THEFT,34
042XX S HALSTED ST,THEFT,27
043XX S HALSTED ST,THEFT,33
044XX S HALSTED ST,THEFT,9
045XX S HALSTED ST,BATTERY,46
046XX S HALSTED ST,THEFT,729
047XX S HALSTED ST,THEFT,400
048XX S HALSTED ST,PROSTITUTION,40
049XX S HALSTED ST,PROSTITUTION,69
049XX S HALSTED STREET,HOMICIDE,1
050XX S HALSTED ST,PROSTITUTION,60
051XX S HALSTED ST,BATTERY,122
052XX S HALSTED ST,NARCOTICS,32
053XX S HALSTED ST,NARCOTICS,45
054XX S HALSTED ST,NARCOTICS,300
055XX S HALSTED ST,BATTERY,200
056XX S HALSTED ST,BATTERY,77
057XX S HALSTED ST,PROSTITUTION,37
058XX S HALSTED ST,PROSTITUTION,101
059XX S HALSTED ST,BATTERY,148
060XX S HALSTED ST,THEFT,105
061XX S HALSTED ST,BATTERY,59
062XX S HALSTED ST,THEFT,261
063XX S HALSTED ST,THEFT,531
064XX S HALSTED ST,THEFT,84
065XX S HALSTED ST,THEFT,93
066XX S HALSTED ST,THEFT,614
067XX S HALSTED ST,BATTERY,139
068XX S HALSTED ST,NARCOTICS,155
069XX S HALSTED ST,BATTERY,299
070XX S HALSTED ST,PROSTITUTION,143
071XX S HALSTED ST,BATTERY,251
072XX S HALSTED ST,PROSTITUTION,277
073XX S HALSTED ST,PROSTITUTION,243
074XX S HALSTED ST,PROSTITUTION,157
075XX S HALSTED ST,PROSTITUTION,244
075XX S HALSTED STREET,HOMICIDE,1
076XX S HALSTED ST,THEFT,197
076XX S HALSTED STREET,HOMICIDE,1
077XX S HALSTED ST,BATTERY,141
078XX S HALSTED ST,THEFT,537
079XX S HALSTED ST,THEFT,652
080XX S HALSTED ST,THEFT,183
081XX S HALSTED ST,NARCOTICS,168
082XX S HALSTED ST,PROSTITUTION,182
083XX S HALSTED ST,THEFT,78
084XX S HALSTED ST,BATTERY,56
085XX S HALSTED ST,THEFT,13
086XX S HALSTED ST,THEFT,75
087XX S HALSTED ST,THEFT,110
088XX S HALSTED ST,BATTERY,49
089XX S HALSTED ST,BATTERY,37
090XX S HALSTED ST,THEFT,73
091XX S HALSTED ST,THEFT,60
092XX S HALSTED ST,BATTERY,46
093XX S HALSTED ST,BATTERY,104
094XX S HALSTED ST,THEFT,166
095XX S HALSTED ST,THEFT,212
096XX S HALSTED ST,BATTERY,87
097XX S HALSTED ST,THEFT,55
098XX S HALSTED ST,THEFT,198
099XX S HALSTED ST,THEFT,197
100XX S HALSTED ST,NARCOTICS,89
101XX S HALSTED ST,THEFT,53
102XX S HALSTED ST,ROBBERY,55
103XX S HALSTED ST,THEFT,180
104XX S HALSTED ST,THEFT,46
105XX S HALSTED ST,NARCOTICS,64
106XX S HALSTED ST,THEFT,244
107XX S HALSTED ST,THEFT,162
108XX S HALSTED ST,THEFT,86
109XX S HALSTED ST,THEFT,148
110XX S HALSTED ST,THEFT,82
111XX S HALSTED ST,THEFT,230
112XX S HALSTED ST,THEFT,48
113XX S HALSTED ST,BATTERY,54
114XX S HALSTED ST,THEFT,634
115XX S HALSTED ST,THEFT,230
116XX S HALSTED ST,THEFT,132
117XX S HALSTED ST,DECEPTIVE PRACTICE,74
118XX S HALSTED ST,NARCOTICS,55
119XX S HALSTED ST,THEFT,110
120XX S HALSTED ST,BATTERY,71
121XX S HALSTED ST,BATTERY,52
122XX S HALSTED ST,NARCOTICS,139
123XX S HALSTED ST,NARCOTICS,278
123XX S HALSTED STREET,HOMICIDE,1
124XX S HALSTED ST,BATTERY,17
125XX S HALSTED ST,THEFT,19
126XX S HALSTED ST,THEFT,200
127XX S HALSTED ST,BATTERY,75
128XX S HALSTED ST,THEFT,53
129XX S HALSTED ST,CRIMINAL DAMAGE,8
