{
  "predictions": [
    {
      "classes": [
        "0",
        "1"
      ],
      "scores": [
        0.41338983178138733,
        0.5866101384162903
      ]
    },
    {
      "classes": [
        "0",
        "1"
      ],
      "scores": [
        0.48639562726020813,
        0.5136043429374695
      ]
    },
    {
      "classes": [
        "0",
        "1"
      ],
      "scores": [
        0.44580113887786865,
        0.5541988611221313
      ]
    },
    {
      "classes": [
        "0",
        "1"
      ],
      "scores": [
        0.4229065775871277,
        0.5770934224128723
      ]
    },
    {
      "classes": [
        "0",
        "1"
      ],
      "scores": [
        0.44325923919677734,
        0.5567407011985779
      ]
    },
    {
      "classes": [
        "0",
        "1"
      ],
      "scores": [
        0.44270315766334534,
        0.5572968125343323
      ]
    },
    {
      "classes": [
        "0",
        "1"
      ],
      "scores": [
        0.5459108948707581,
        0.45408907532691956
      ]
    },
    {
      "classes": [
        "0",
        "1"
      ],
      "scores": [
        0.45024871826171875,
        0.5497512221336365
      ]
    },
    {
      "classes": [
        "0",
        "1"
      ],
      "scores": [
        0.5671571493148804,
        0.4328429102897644
      ]
    },
    {
      "classes": [
        "0",
        "1"
      ],
      "scores": [
        0.535283625125885,
        0.464716374874115
      ]
    },
    {
      "classes": [
        "0",
        "1"
      ],
      "scores": [
        0.45947617292404175,
        0.5405238270759583
      ]
    },
    {
      "classes": [
        "0",
        "1"
      ],
      "scores": [
        0.45441651344299316,
        0.5455834865570068
      ]
    },
    {
      "classes": [
        "0",
        "1"
      ],
      "scores": [
        0.5013105273246765,
        0.4986893832683563
      ]
    },
    {
      "classes": [
        "0",
        "1"
      ],
      "scores": [
        0.38373327255249023,
        0.6162667274475098
      ]
    },
    {
      "classes": [
        "0",
        "1"
      ],
      "scores": [
        0.39064162969589233,
        0.6093583703041077
      ]
    },
    {
      "classes": [
        "0",
        "1"
      ],
      "scores": [
        0.40471455454826355,
        0.5952853560447693
      ]
    },
    {
      "classes": [
        "0",
        "1"
      ],
      "scores": [
        0.507161557674408,
        0.49283841252326965
      ]
    },
    {
      "classes": [
        "0",
        "1"
      ],
      "scores": [
        0.6155052781105042,
        0.38449469208717346
      ]
    },
    {
      "classes": [
        "0",
        "1"
      ],
      "scores": [
        0.4240330457687378,
        0.575967013835907
      ]
    },
    {
      "classes": [
        "0",
        "1"
      ],
      "scores": [
        0.575407087802887,
        0.42459291219711304
      ]
    },
    {
      "classes": [
        "0",
        "1"
      ],
      "scores": [
        0.517218291759491,
        0.4827817678451538
      ]
    },
    {
      "classes": [
        "0",
        "1"
      ],
      "scores": [
        0.46325358748435974,
        0.5367464423179626
      ]
    },
    {
      "classes": [
        "0",
        "1"
      ],
      "scores": [
        0.5710664987564087,
        0.4289334714412689
      ]
    },
    {
      "classes": [
        "0",
        "1"
      ],
      "scores": [
        0.5996657609939575,
        0.40033426880836487
      ]
    },
    {
      "classes": [
        "0",
        "1"
      ],
      "scores": [
        0.5603986978530884,
        0.4396013021469116
      ]
    },
    {
      "classes": [
        "0",
        "1"
      ],
      "scores": [
        0.514449954032898,
        0.48555004596710205
      ]
    },
    {
      "classes": [
        "0",
        "1"
      ],
      "scores": [
        0.6422461271286011,
        0.35775381326675415
      ]
    },
    {
      "classes": [
        "0",
        "1"
      ],
      "scores": [
        0.5272074937820435,
        0.4727925658226013
      ]
    },
    {
      "classes": [
        "0",
        "1"
      ],
      "scores": [
        0.5897541642189026,
        0.41024577617645264
      ]
    },
    {
      "classes": [
        "0",
        "1"
      ],
      "scores": [
        0.598982572555542,
        0.4010173976421356
      ]
    },
    {
      "classes": [
        "0",
        "1"
      ],
      "scores": [
        0.5007601380348206,
        0.49923983216285706
      ]
    },
    {
      "classes": [
        "0",
        "1"
      ],
      "scores": [
        0.5911485552787781,
        0.40885141491889954
      ]
    },
    {
      "classes": [
        "0",
        "1"
      ],
      "scores": [
        0.542579174041748,
        0.45742085576057434
      ]
    },
    {
      "classes": [
        "0",
        "1"
      ],
      "scores": [
        0.39069607853889465,
        0.6093039512634277
      ]
    },
    {
      "classes": [
        "0",
        "1"
      ],
      "scores": [
        0.517360270023346,
        0.4826396703720093
      ]
    },
    {
      "classes": [
        "0",
        "1"
      ],
      "scores": [
        0.4284922480583191,
        0.5715077519416809
      ]
    },
    {
      "classes": [
        "0",
        "1"
      ],
      "scores": [
        0.5964224934577942,
        0.4035774767398834
      ]
    },
    {
      "classes": [
        "0",
        "1"
      ],
      "scores": [
        0.6170032620429993,
        0.38299673795700073
      ]
    },
    {
      "classes": [
        "0",
        "1"
      ],
      "scores": [
        0.47774311900138855,
        0.5222568511962891
      ]
    },
    {
      "classes": [
        "0",
        "1"
      ],
      "scores": [
        0.3929609954357147,
        0.6070390343666077
      ]
    },
    {
      "classes": [
        "0",
        "1"
      ],
      "scores": [
        0.5365464687347412,
        0.4634535610675812
      ]
    },
    {
      "classes": [
        "0",
        "1"
      ],
      "scores": [
        0.4986838102340698,
        0.5013161301612854
      ]
    },
    {
      "classes": [
        "0",
        "1"
      ],
      "scores": [
        0.5594407916069031,
        0.44055917859077454
      ]
    },
    {
      "classes": [
        "0",
        "1"
      ],
      "scores": [
        0.44541501998901367,
        0.5545849800109863
      ]
    },
    {
      "classes": [
        "0",
        "1"
      ],
      "scores": [
        0.4048532247543335,
        0.5951467752456665
      ]
    },
    {
      "classes": [
        "0",
        "1"
      ],
      "scores": [
        0.4702949821949005,
        0.5297050476074219
      ]
    },
    {
      "classes": [
        "0",
        "1"
      ],
      "scores": [
        0.6415254473686218,
        0.3584745526313782
      ]
    },
    {
      "classes": [
        "0",
        "1"
      ],
      "scores": [
        0.5304552912712097,
        0.4695446789264679
      ]
    },
    {
      "classes": [
        "0",
        "1"
      ],
      "scores": [
        0.557902991771698,
        0.4420970380306244
      ]
    },
    {
      "classes": [
        "0",
        "1"
      ],
      "scores": [
        0.4063871204853058,
        0.5936129093170166
      ]
    },
    {
      "classes": [
        "0",
        "1"
      ],
      "scores": [
        0.5932881832122803,
        0.4067118763923645
      ]
    },
    {
      "classes": [
        "0",
        "1"
      ],
      "scores": [
        0.43516066670417786,
        0.5648393630981445
      ]
    },
    {
      "classes": [
        "0",
        "1"
      ],
      "scores": [
        0.43283653259277344,
        0.5671634674072266
      ]
    },
    {
      "classes": [
        "0",
        "1"
      ],
      "scores": [
        0.3451618254184723,
        0.6548382043838501
      ]
    },
    {
      "classes": [
        "0",
        "1"
      ],
      "scores": [
        0.3964844346046448,
        0.6035155653953552
      ]
    },
    {
      "classes": [
        "0",
        "1"
      ],
      "scores": [
        0.533794641494751,
        0.466205358505249
      ]
    },
    {
      "classes": [
        "0",
        "1"
      ],
      "scores": [
        0.41656360030174255,
        0.5834363698959351
      ]
    },
    {
      "classes": [
        "0",
        "1"
      ],
      "scores": [
        0.5389561653137207,
        0.4610438346862793
      ]
    },
    {
      "classes": [
        "0",
        "1"
      ],
      "scores": [
        0.5439503788948059,
        0.4560496509075165
      ]
    },
    {
      "classes": [
        "0",
        "1"
      ],
      "scores": [
        0.5471821427345276,
        0.4528178572654724
      ]
    },
    {
      "classes": [
        "0",
        "1"
      ],
      "scores": [
        0.3969864845275879,
        0.6030134558677673
      ]
    },
    {
      "classes": [
        "0",
        "1"
      ],
      "scores": [
        0.5218021869659424,
        0.47819778323173523
      ]
    },
    {
      "classes": [
        "0",
        "1"
      ],
      "scores": [
        0.5244314074516296,
        0.4755685031414032
      ]
    },
    {
      "classes": [
        "0",
        "1"
      ],
      "scores": [
        0.4675973057746887,
        0.5324026942253113
      ]
    },
    {
      "classes": [
        "0",
        "1"
      ],
      "scores": [
        0.38833504915237427,
        0.6116649508476257
      ]
    },
    {
      "classes": [
        "0",
        "1"
      ],
      "scores": [
        0.4725401997566223,
        0.5274598002433777
      ]
    },
    {
      "classes": [
        "0",
        "1"
      ],
      "scores": [
        0.5083062648773193,
        0.49169376492500305
      ]
    },
    {
      "classes": [
        "0",
        "1"
      ],
      "scores": [
        0.5689922571182251,
        0.4310077428817749
      ]
    },
    {
      "classes": [
        "0",
        "1"
      ],
      "scores": [
        0.49750107526779175,
        0.5024988651275635
      ]
    },
    {
      "classes": [
        "0",
        "1"
      ],
      "scores": [
        0.5874766111373901,
        0.41252338886260986
      ]
    },
    {
      "classes": [
        "0",
        "1"
      ],
      "scores": [
        0.607146143913269,
        0.39285388588905334
      ]
    },
    {
      "classes": [
        "0",
        "1"
      ],
      "scores": [
        0.4626270830631256,
        0.5373729467391968
      ]
    },
    {
      "classes": [
        "0",
        "1"
      ],
      "scores": [
        0.31561189889907837,
        0.6843881011009216
      ]
    },
    {
      "classes": [
        "0",
        "1"
      ],
      "scores": [
        0.3530579209327698,
        0.6469420790672302
      ]
    },
    {
      "classes": [
        "0",
        "1"
      ],
      "scores": [
        0.4082452654838562,
        0.5917547345161438
      ]
    },
    {
      "classes": [
        "0",
        "1"
      ],
      "scores": [
        0.3991520404815674,
        0.6008479595184326
      ]
    },
    {
      "classes": [
        "0",
        "1"
      ],
      "scores": [
        0.3957619071006775,
        0.6042380332946777
      ]
    },
    {
      "classes": [
        "0",
        "1"
      ],
      "scores": [
        0.5098651051521301,
        0.49013492465019226
      ]
    },
    {
      "classes": [
        "0",
        "1"
      ],
      "scores": [
        0.3786013424396515,
        0.6213986873626709
      ]
    },
    {
      "classes": [
        "0",
        "1"
      ],
      "scores": [
        0.6618133187294006,
        0.33818671107292175
      ]
    },
    {
      "classes": [
        "0",
        "1"
      ],
      "scores": [
        0.40471455454826355,
        0.5952853560447693
      ]
    },
    {
      "classes": [
        "0",
        "1"
      ],
      "scores": [
        0.4396781027317047,
        0.5603219270706177
      ]
    },
    {
      "classes": [
        "0",
        "1"
      ],
      "scores": [
        0.5618004202842712,
        0.43819957971572876
      ]
    },
    {
      "classes": [
        "0",
        "1"
      ],
      "scores": [
        0.49210068583488464,
        0.507899284362793
      ]
    },
    {
      "classes": [
        "0",
        "1"
      ],
      "scores": [
        0.5524804592132568,
        0.44751954078674316
      ]
    },
    {
      "classes": [
        "0",
        "1"
      ],
      "scores": [
        0.49825361371040344,
        0.501746416091919
      ]
    },
    {
      "classes": [
        "0",
        "1"
      ],
      "scores": [
        0.4936303198337555,
        0.5063696503639221
      ]
    },
    {
      "classes": [
        "0",
        "1"
      ],
      "scores": [
        0.6509633660316467,
        0.3490366041660309
      ]
    },
    {
      "classes": [
        "0",
        "1"
      ],
      "scores": [
        0.5238312482833862,
        0.47616881132125854
      ]
    },
    {
      "classes": [
        "0",
        "1"
      ],
      "scores": [
        0.5780624151229858,
        0.42193758487701416
      ]
    },
    {
      "classes": [
        "0",
        "1"
      ],
      "scores": [
        0.4419752359390259,
        0.5580247640609741
      ]
    },
    {
      "classes": [
        "0",
        "1"
      ],
      "scores": [
        0.5296000838279724,
        0.4703998863697052
      ]
    },
    {
      "classes": [
        "0",
        "1"
      ],
      "scores": [
        0.5628554224967957,
        0.43714457750320435
      ]
    },
    {
      "classes": [
        "0",
        "1"
      ],
      "scores": [
        0.6222503781318665,
        0.37774959206581116
      ]
    },
    {
      "classes": [
        "0",
        "1"
      ],
      "scores": [
        0.4355930685997009,
        0.5644069910049438
      ]
    },
    {
      "classes": [
        "0",
        "1"
      ],
      "scores": [
        0.5147138833999634,
        0.4852861762046814
      ]
    },
    {
      "classes": [
        "0",
        "1"
      ],
      "scores": [
        0.5442290306091309,
        0.45577093958854675
      ]
    },
    {
      "classes": [
        "0",
        "1"
      ],
      "scores": [
        0.42325934767723083,
        0.5767406821250916
      ]
    },
    {
      "classes": [
        "0",
        "1"
      ],
      "scores": [
        0.5776647925376892,
        0.42233526706695557
      ]
    },
    {
      "classes": [
        "0",
        "1"
      ],
      "scores": [
        0.4019467234611511,
        0.5980533361434937
      ]
    }
  ]
}
